{
  "collapse-filter": true,
  "search": "",
  "showTags": false,
  "showAttachments": false,
  "hideUnresolved": false,
  "showOrphans": true,
  "collapse-color-groups": true,
  "colorGroups": [
    {
      "query": "tag:Heap",
      "color": {
        "a": 1,
        "rgb": 14701138
      }
    },
    {
      "query": "tag: pwntools",
      "color": {
        "a": 1,
        "rgb": 3246123
      }
    },
    {
      "query": "tag: pwndbg",
      "color": {
        "a": 1,
        "rgb": 4484037
      }
    },
    {
      "query": "tag: YJ",
      "color": {
        "a": 1,
        "rgb": 14382336
      }
    }
  ],
  "collapse-display": true,
  "showArrow": true,
  "textFadeMultiplier": -3,
  "nodeSizeMultiplier": 1.50755245588937,
  "lineSizeMultiplier": 5,
  "collapse-forces": true,
  "centerStrength": 0.195636623748212,
  "repelStrength": 9.8652837386743,
  "linkStrength": 1,
  "linkDistance": 260,
  "scale": 1,
  "close": false
}