{
  "obsidian-git:commit": [
    {
      "modifiers": [
        "Mod",
        "Shift"
      ],
      "key": "+"
    }
  ],
  "obsidian-excalidraw-plugin:insert-link": [
    {
      "modifiers": [
        "Alt",
        "Mod",
        "Shift"
      ],
      "key": "K"
    }
  ],
  "editor:focus-top": [
    {
      "modifiers": [
        "Alt"
      ],
      "key": "W"
    }
  ],
  "editor:focus-bottom": [
    {
      "modifiers": [
        "Alt"
      ],
      "key": "S"
    }
  ],
  "editor:focus-left": [
    {
      "modifiers": [
        "Alt"
      ],
      "key": "A"
    }
  ],
  "editor:focus-right": [
    {
      "modifiers": [
        "Alt"
      ],
      "key": "D"
    }
  ],
  "obsidian-git:push2": [
    {
      "modifiers": [
        "Mod",
        "Shift"
      ],
      "key": "-"
    }
  ]
}